entry_time,exit_time,side,qty,entry,exit,stop,target,reason,pnl,r
2026-07-09 10:05,2026-07-09 10:15,S,3,29911.25,29800.25,29986.75,29800.25,target,662.28,1.46
2026-07-10 10:50,2026-07-10 12:20,S,2,29902.25,30013.75,30013.5,29738.5,stop,-448.48,-1.01
2026-07-14 10:15,2026-07-14 10:35,L,2,29663.0,29821.75,29555.0,29821.75,target,632.52,1.46
2026-07-15 09:50,2026-07-15 10:10,L,3,29785.25,29881.75,29719.75,29881.75,target,575.28,1.46
2026-07-15 10:10,2026-07-15 10:25,S,3,29860.5,29755.25,29932.25,29755.25,target,627.78,1.46
2026-07-17 10:05,2026-07-17 10:15,S,2,28717.75,28829.75,28829.5,28553.5,stop,-450.48,-1.01
2026-07-17 10:55,2026-07-17 12:05,L,1,28762.75,28952.75,28633.5,28952.75,target,378.76,1.47
2026-07-20 09:30,2026-07-20 09:35,S,5,29044.75,29094.25,29094.0,28972.5,stop,-501.2,-1.02
2026-07-21 10:55,2026-07-21 11:30,S,2,29229.75,29316.25,29316.0,29103.0,stop,-348.48,-1.01
2026-07-22 11:10,2026-07-22 15:50,S,3,29292.25,29224.0,29370.75,29177.0,end-of-day flatten,405.78,0.86
2026-07-23 10:20,2026-07-23 10:55,L,2,28704.75,28594.75,28595.0,28866.25,stop,-442.48,-1.01
2026-07-27 10:40,2026-07-27 11:10,L,2,28032.5,28195.5,27921.75,28195.5,target,649.52,1.47
2026-07-30 09:55,2026-07-30 10:30,S,2,28102.75,28196.75,28196.5,27965.0,stop,-378.48,-1.01
2026-07-31 09:55,2026-07-31 10:10,L,2,28333.25,28219.0,28219.25,28501.0,stop,-459.48,-1.01
2026-07-31 10:15,2026-07-31 10:55,L,1,28137.25,28341.5,27998.5,28341.5,target,407.26,1.47
2026-07-31 11:20,2026-07-31 11:35,L,1,28260.75,28120.0,28120.25,28467.25,stop,-282.74,-1.01
2026-08-03 10:35,2026-08-03 10:55,S,2,28685.0,28787.75,28787.5,28534.25,stop,-413.48,-1.01
2026-08-07 11:10,2026-08-07 15:50,S,2,29756.25,29789.5,29863.25,29598.75,end-of-day flatten,-135.48,-0.32
2026-08-11 10:10,2026-08-11 11:35,S,3,29778.25,29676.25,29847.75,29676.25,target,608.28,1.46
2026-08-18 09:55,2026-08-18 10:15,L,4,29637.75,29573.75,29574.0,29731.5,stop,-516.96,-1.01
2026-08-20 09:45,2026-08-20 09:55,S,3,29442.25,29340.0,29511.75,29340.0,target,609.78,1.46
2026-08-20 10:00,2026-08-20 14:05,L,2,29354.25,29267.25,29267.5,29482.0,stop,-350.48,-1.01
2026-08-24 10:45,2026-08-24 11:45,S,3,29085.75,29167.25,29167.0,28966.25,stop,-492.72,-1.01
2026-08-26 10:45,2026-08-26 11:45,S,3,29221.25,29289.5,29289.25,29121.25,stop,-413.22,-1.01
2026-08-27 10:25,2026-08-27 15:50,S,2,29593.0,29647.75,29682.0,29462.0,end-of-day flatten,-221.48,-0.62
2026-08-28 10:00,2026-08-28 10:10,L,4,29632.25,29579.75,29580.0,29709.0,stop,-424.96,-1.02
2026-08-28 10:30,2026-08-28 10:45,S,2,29653.5,29736.5,29736.25,29531.75,stop,-334.48,-1.01
2026-08-28 11:20,2026-08-28 11:45,L,3,29748.25,29673.25,29673.5,29858.25,stop,-453.72,-1.01
2026-09-02 10:10,2026-09-02 10:20,S,3,29095.75,29157.5,29157.25,29005.5,stop,-374.22,-1.01
2026-09-02 11:00,2026-09-02 15:50,L,3,29119.75,29184.0,29056.5,29212.75,end-of-day flatten,381.78,1.01
2026-09-03 09:50,2026-09-03 10:05,S,3,29359.25,29255.0,29430.25,29255.0,target,621.78,1.46
2026-09-03 10:45,2026-09-03 11:05,L,3,29283.25,29399.5,29204.25,29399.5,target,693.78,1.46
2026-09-09 09:40,2026-09-09 10:00,S,5,29482.5,29529.25,29529.0,29414.0,stop,-473.7,-1.02
2026-09-11 10:45,2026-09-11 11:35,L,2,29373.0,29494.0,29290.75,29494.0,target,481.52,1.46
2026-09-14 09:30,2026-09-14 09:50,S,5,28906.25,28955.0,28954.75,28835.0,stop,-493.7,-1.02
2026-09-14 11:30,2026-09-14 11:35,S,3,29076.75,29144.25,29144.0,28977.75,stop,-408.72,-1.01
2026-09-15 10:00,2026-09-15 10:10,L,5,29429.75,29382.0,29382.25,29499.75,stop,-483.7,-1.02
2026-09-16 10:40,2026-09-16 11:05,L,4,29438.5,29511.25,29389.0,29511.25,target,577.04,1.46
